{
    "accuracy": [
        0.537928581237793,
        0.6277595162391663,
        0.6744950413703918,
        0.6818929314613342,
        0.7083137631416321,
        0.7367308735847473,
        0.7536402344703674,
        0.7592766284942627,
        0.7771254181861877,
        0.7956787347793579,
        0.7517613768577576,
        0.7712541222572327,
        0.7866368889808655,
        0.7928605079650879,
        0.8199859261512756,
        0.8213950395584106,
        0.8283231854438782,
        0.842296838760376,
        0.8512212038040161,
        0.8526303172111511,
        0.8400657773017883,
        0.8280882835388184,
        0.8464067578315735,
        0.8568576574325562,
        0.8709487915039062,
        0.8769375085830688,
        0.8738844394683838,
        0.8778769373893738,
        0.8767026662826538
    ],
    "val_accuracy": [
        0.6804536581039429,
        0.7104736566543579,
        0.7318212389945984,
        0.7464976906776428,
        0.758505642414093,
        0.7651767730712891,
        0.7858572602272034,
        0.7805203199386597,
        0.7871914505958557,
        0.7898598909378052,
        0.770513653755188,
        0.813208818435669,
        0.7885257005691528,
        0.7971981167793274,
        0.7778518795967102,
        0.8052034974098206,
        0.8125417232513428,
        0.8138759136199951,
        0.8252168297767639,
        0.8258839249610901,
        0.8165443539619446,
        0.7951967716217041,
        0.8058705925941467,
        0.8372248411178589,
        0.8405403780937195,
        0.8412274718284607,
        0.8452168297767639,
        0.8478852701187134,
        0.8505537104606628
    ]
}